"partner_id";"partner_name";"partner_contact";"partner_address";"created_at";"updated_at";"deleted_at"
1;"partner 1";"mr x";"address";"2015-12-17 02:16:28";"2016-01-06 23:03:49";""
2;"Freight Management";"Yuki";"Test Address";"2016-01-06 22:57:37";"2016-01-06 22:57:37";""
3;"partner 2";"contact 2";"address 2";"2016-01-11 18:47:58";"2016-01-11 18:47:58";""
4;"partner 3";"contact 3";"address 3";"2016-01-11 18:48:54";"2016-01-11 18:48:54";""
15;"partner 41";"contact 4";"address 4";"2016-01-13 22:12:14";"2016-01-13 22:46:15";""
16;"Collier, Pollich and Bogisich";"Valerie Barton";"2639 Wolff Ridge Apt. 448
Port Saul, ND 58375-5805";"2016-01-31 20:30:00";"2016-01-31 20:30:00";""
17;"Cole, Towne and Zemlak";"Dr. Brannon Marvin";"1189 Farrell Pike Suite 715
Luzchester, UT 61917-2187";"2016-01-31 20:30:02";"2016-01-31 20:30:02";""
18;"Hand-Howell";"Marge Heathcote";"11923 Brain Wells Apt. 726
Hershelborough, NM 15811-9030";"2016-01-31 20:30:03";"2016-01-31 20:30:03";""
19;"Daugherty, Dooley and Gulgowski";"Karine Reichert";"41493 Keira Course Suite 097
North Daphnestad, MA 68819-2792";"2016-01-31 20:30:04";"2016-01-31 20:30:04";""
20;"Donnelly LLC";"Zachary Donnelly";"887 Delbert Walks Suite 887
South Isaac, OH 77382";"2016-01-31 20:30:04";"2016-01-31 20:30:04";""
21;"Cole, Kilback and Bechtelar";"Antonetta Volkman";"6649 Braulio Stream
Herzogtown, UT 72505-0690";"2016-01-31 20:30:05";"2016-01-31 20:30:05";""
22;"Von-Gutmann";"Lia Homenick";"5614 Greenholt Viaduct Suite 876
East Cedrickton, WY 83384";"2016-01-31 20:30:06";"2016-01-31 20:30:06";""
23;"Breitenberg Ltd";"Linnie Stanton";"2909 Fadel Turnpike
North Madisenton, LA 29079-0765";"2016-01-31 20:30:06";"2016-01-31 20:30:06";""
24;"Kiehn, McCullough and Davis";"Crawford Hansen";"5582 Harmony Ramp
North Tyra, TX 96135";"2016-01-31 20:30:08";"2016-01-31 20:30:08";""
25;"Hermann Group";"Nelda Simonis";"570 Cartwright Hills Apt. 753
Koeppfort, WV 43783";"2016-01-31 20:30:08";"2016-01-31 20:30:08";""
26;"Williamson Inc";"Isaac Abshire II";"326 Oral Islands Apt. 373
North Tyshawnton, IA 60666";"2016-01-31 20:30:09";"2016-01-31 20:30:09";""
27;"Turner-Gaylord";"Garrett Kohler";"945 Grady Rapid Apt. 340
Port Haleigh, VT 66603-4358";"2016-01-31 20:30:10";"2016-01-31 20:30:10";""
28;"Lind Ltd";"Rosemary Mertz";"0395 Tiana Mills Apt. 497
Geraldineton, AZ 22107-8043";"2016-01-31 20:30:10";"2016-01-31 20:30:10";""
29;"Rempel Ltd";"America Ledner";"611 Elena Crossing Suite 615
Nellaborough, ID 69677-3380";"2016-01-31 20:31:55";"2016-01-31 20:31:55";""
30;"Hoeger-Romaguera";"Dameon Wyman";"726 Haag Hollow
East Lurlineborough, NE 12552-0102";"2016-01-31 20:31:56";"2016-01-31 20:31:56";""
31;"Hudson, Kirlin and Emard";"Camren Witting";"067 Arjun Knoll
Chadrickland, NM 94085";"2016-01-31 20:31:56";"2016-01-31 20:31:56";""
32;"Emard, Shanahan and Crona";"Joy Lindgren";"14406 Lauryn Springs
West Humbertoville, NY 11992";"2016-01-31 20:31:57";"2016-01-31 20:31:57";""
33;"Schamberger-Baumbach";"Melody Yundt";"07234 Carole Spring
Cleoraport, NV 53384-7694";"2016-01-31 20:31:58";"2016-01-31 20:31:58";""
34;"VonRueden-Glover";"Ashlynn Hamill";"4413 Medhurst Dam
South Cathyland, MI 40686";"2016-01-31 20:31:58";"2016-01-31 20:31:58";""
35;"Jast-Hilpert";"Dr. Alexzander Osinski I";"3005 Antonia Station Apt. 955
Santinoberg, ME 34414-6757";"2016-01-31 20:31:59";"2016-01-31 20:31:59";""
36;"Hane, D'Amore and Corkery";"Dr. Rosalia Bode";"200 Scotty Key
Desireeland, MO 24334-9857";"2016-01-31 20:32:00";"2016-01-31 20:32:00";""
37;"Vandervort, Treutel and Russel";"Mrs. Clarissa McDermott V";"4838 Stephon Park Suite 675
Rosettaport, NM 54234-1509";"2016-01-31 20:32:01";"2016-01-31 20:32:01";""
38;"Carter-Hoeger";"Mr. Julio Rosenbaum";"859 Lowe Village
Lake Keira, MS 74491-2791";"2016-01-31 20:32:02";"2016-01-31 20:32:02";""
39;"Vandervort, Walter and Glover";"Rodrick Hirthe";"982 Gusikowski Forks
West Trevermouth, KS 67391-9250";"2016-01-31 20:32:02";"2016-01-31 20:32:02";""
40;"Borer, Pagac and Dickens";"Mrs. Cleta Davis";"93108 Magdalena Lake
Eunaport, LA 45349";"2016-01-31 20:32:03";"2016-01-31 20:32:03";""
41;"Berge Ltd";"Reyes Conn";"02624 Dean Walk
South Claraborough, RI 57216-0288";"2016-01-31 20:32:04";"2016-01-31 20:32:04";""
42;"Beier-Labadie";"Mr. Regan Carroll";"9376 Berge Overpass Suite 834
Makaylahaven, OK 04744-8484";"2016-01-31 20:34:40";"2016-01-31 20:34:40";""
43;"Gleichner Ltd";"Dr. Gudrun Kohler";"8010 Lilly Plains
Schinnerhaven, IA 33189-6562";"2016-01-31 20:34:41";"2016-01-31 20:34:41";""
44;"Walsh LLC";"Dr. Garnet Rippin DVM";"149 Kessler Brooks Apt. 011
South Diamond, OR 24149-5793";"2016-01-31 20:34:42";"2016-01-31 20:34:42";""
45;"Von Group";"Cindy Kemmer DDS";"90150 Emerald Shore
Lake Joshua, AK 99221";"2016-01-31 20:34:42";"2016-01-31 20:34:42";""
46;"Kohler Group";"Christian Stroman PhD";"7127 Lila Park
West Florine, CT 34815";"2016-01-31 20:34:43";"2016-01-31 20:34:43";""
47;"Schumm-Rogahn";"Mr. Ralph Powlowski";"4647 Katrina Station Suite 688
North Thomasside, MN 10542-6145";"2016-01-31 20:34:43";"2016-01-31 20:34:43";""
48;"Kulas-Kunze";"Elmer Reichert PhD";"67854 Reagan Common
Marvinhaven, ND 42668-8512";"2016-01-31 20:34:44";"2016-01-31 20:34:44";""
49;"Stoltenberg, Connelly and Fadel";"Chesley Boehm";"8949 Julianne Lake
North Shanelmouth, IN 78908";"2016-01-31 20:34:45";"2016-01-31 20:34:45";""
50;"Homenick PLC";"Paxton Sawayn";"56766 Gleichner Grove
Port Lianachester, AK 80347-4935";"2016-01-31 20:34:45";"2016-01-31 20:34:45";""
51;"Mertz-Heidenreich";"Duane Boyle";"382 Effertz Forks
Mertzborough, VT 93994-0290";"2016-01-31 20:34:46";"2016-01-31 20:34:46";""
52;"Lowe, Krajcik and Satterfield";"Moises Kozey";"59822 Leonel Glens Suite 813
Ashleytown, NC 79347-1857";"2016-01-31 20:34:47";"2016-01-31 20:34:47";""
53;"Sawayn PLC";"Pascale Connelly";"76159 Zula Lane
Runolfsdottirstad, MT 94630-5945";"2016-01-31 20:34:47";"2016-01-31 20:34:47";""
54;"Schinner-Deckow";"Dr. Travon Mayert Sr.";"134 Auer Valleys
West Danteview, IA 65421";"2016-01-31 20:34:48";"2016-01-31 20:34:48";""
55;"Denesik-Harris";"Emiliano Stokes";"114 Vandervort Ranch
Gustavemouth, MA 50932";"2016-01-31 20:38:36";"2016-01-31 20:38:36";""
56;"Boyle Ltd";"Ms. Breanna Lindgren III";"61595 Durward Loop
New Hayliebury, IA 64838-5772";"2016-01-31 20:38:38";"2016-01-31 20:38:38";""
57;"Morar PLC";"Mazie Balistreri";"791 Casimir Coves Suite 789
Port Abbigail, NC 80021-4510";"2016-01-31 20:38:39";"2016-01-31 20:38:39";""
58;"Bechtelar, Towne and Shanahan";"Tamara Effertz";"076 Wiegand Mill
Lake Verda, NJ 32166";"2016-01-31 20:38:40";"2016-01-31 20:38:40";""
59;"D'Amore-Gleason";"Marina Volkman";"35704 Isac Trafficway Suite 006
Port Sasha, NJ 31643";"2016-01-31 20:38:41";"2016-01-31 20:38:41";""
60;"Kemmer-Gulgowski";"Ava Huels";"917 Lew Falls Suite 156
North Laurianne, KY 54346";"2016-01-31 20:38:42";"2016-01-31 20:38:42";""
61;"Murazik-Olson";"Garrick Jakubowski";"81993 Von Mission Apt. 730
South Zitaberg, NE 11832";"2016-01-31 20:38:43";"2016-01-31 20:38:43";""
62;"Oberbrunner LLC";"Ardella Cronin";"718 Devante Orchard Suite 256
East Pansy, PA 79975";"2016-01-31 20:38:45";"2016-01-31 20:38:45";""
63;"Daugherty, Heaney and Emmerich";"Kurt Quitzon";"7333 Lang Dam
Alexzanderstad, OK 11093";"2016-01-31 20:38:45";"2016-01-31 20:38:45";""
64;"Wilderman Group";"Mrs. Sister Haley";"763 Pfeffer Isle Apt. 279
New Rebecaburgh, IL 70555-5716";"2016-01-31 20:38:46";"2016-01-31 20:38:46";""
65;"Konopelski, VonRueden and Connelly";"Cameron Keebler";"4568 Bryana Mall
Andersonhaven, ME 72472";"2016-01-31 20:38:48";"2016-01-31 20:38:48";""
66;"Wyman LLC";"Mr. Rory Fay IV";"756 Guillermo Village
Port Miltonhaven, DC 70822-0968";"2016-01-31 20:38:50";"2016-01-31 20:38:50";""
67;"Aufderhar-Gutmann";"Antone Smith";"120 Legros Extensions Suite 839
Hintzmouth, ME 29711";"2016-01-31 20:38:51";"2016-01-31 20:38:51";""
68;"Zulauf-Kertzmann";"Miss Kyra Schumm DVM";"593 Stamm Meadow
Port Darrinhaven, OR 28895";"2016-02-10 17:38:45";"2016-02-10 17:38:45";""
69;"Robel-Windler";"Jeromy Klein";"145 Kenny Parks Suite 084
Hauckshire, NC 68053-0431";"2016-02-10 17:38:46";"2016-02-10 17:38:46";""
70;"Herman Ltd";"Rylan D'Amore DDS";"116 Lemke Extension
Port Luella, HI 90080";"2016-02-10 17:38:47";"2016-02-10 17:38:47";""
71;"Lubowitz, Beahan and Smitham";"Dr. Albin Mraz III";"304 Fahey Spring
Nestorside, MA 04642";"2016-02-10 17:38:47";"2016-02-10 17:38:47";""
72;"Erdman, Jones and Feeney";"Mrs. Emilie Volkman";"34139 Israel Turnpike Suite 466
Zemlakview, PA 13026-4527";"2016-02-10 17:38:48";"2016-02-10 17:38:48";""
73;"Auer-Farrell";"Mr. Rosendo Stiedemann";"2936 Kuhn Camp
Lake Sabina, UT 32899-0038";"2016-02-10 17:38:49";"2016-02-10 17:38:49";""
74;"Walsh Group";"Dr. Wilbert Sanford V";"625 Howell Lake Apt. 945
Kovacekside, DE 33480-0238";"2016-02-10 17:38:49";"2016-02-10 17:38:49";""
75;"Bogisich-Hudson";"Prof. Hubert Koch";"68387 Michaela Mill
Kaneland, NC 41561-3680";"2016-02-10 17:38:50";"2016-02-10 17:38:50";""
76;"Dickinson Inc";"Mikel Pacocha";"4708 Nitzsche Ridge
Muhammadville, NE 02331-5690";"2016-02-10 17:38:51";"2016-02-10 17:38:51";""
77;"Terry, Bradtke and Ryan";"Lula Wiegand";"3661 Sophia Cove Suite 346
North Jess, PA 27257-8132";"2016-02-10 17:38:52";"2016-02-10 17:38:52";""
78;"Hoeger, Klein and Kutch";"Joelle Langworth I";"9813 Nienow Ports
Cierraview, CO 17076";"2016-02-10 17:38:53";"2016-02-10 17:38:53";""
79;"Howell-Walter";"Prof. Newton Considine V";"2776 Mauricio Underpass
West Yasmeenberg, LA 08427";"2016-02-10 17:38:55";"2016-02-10 17:38:55";""
80;"Klocko, Wilderman and Fahey";"Sammy Bruen";"86949 Koch Mall Suite 823
Zemlakland, VA 18745";"2016-02-10 17:38:56";"2016-02-10 17:38:56";""
81;"Waters, Considine and Reynolds";"Raphael Shields";"29915 Hintz Ramp
West Crystal, NM 22504";"2016-02-10 19:53:36";"2016-02-10 19:53:36";""
82;"Streich, Goyette and Mueller";"Dr. Trenton Ziemann";"56227 Jensen Cliffs
Abernathyshire, KY 75941";"2016-02-10 19:53:55";"2016-02-10 19:53:55";""
83;"Mann PLC";"Prof. Coleman Kunze I";"639 Wehner Parkways
East Kaitlynshire, PA 25444-4384";"2016-02-10 19:53:56";"2016-02-10 19:53:56";""
84;"Sawayn, Morissette and Cole";"Caitlyn Trantow";"8313 Ubaldo Course
West Billy, WA 46662-3368";"2016-02-10 19:53:57";"2016-02-10 19:53:57";""
85;"Walker, Waelchi and Gleason";"Nathaniel Waters";"528 Grady Brook Suite 925
Lake Gregland, OH 58378-9268";"2016-02-10 19:53:58";"2016-02-10 19:53:58";""
86;"Kertzmann, Kertzmann and Oberbrunner";"Mr. Kale Hickle";"8336 O'Connell Estates Suite 159
Myahburgh, IL 88672";"2016-02-10 19:53:58";"2016-02-10 19:53:58";""
87;"Wehner-Funk";"Connor Bruen";"20320 Angeline View Apt. 889
Alecstad, AL 67843";"2016-02-10 19:53:59";"2016-02-10 19:53:59";""
88;"Mosciski-Runte";"Golda Veum";"59003 Ashly Walk
Corwinland, FL 53586-4027";"2016-02-10 19:54:00";"2016-02-10 19:54:00";""
89;"Walter, Wilkinson and Rohan";"Francesca Gulgowski";"9682 Luettgen Park
Lake Aliyashire, WI 52551";"2016-02-10 19:54:01";"2016-02-10 19:54:01";""
90;"Mraz, Marks and Mills";"Lorine Cummings V";"575 Wilkinson Radial
Davisfort, ND 60051-8773";"2016-02-10 19:54:02";"2016-02-10 19:54:02";""
91;"Wiza Ltd";"Ova Kassulke Jr.";"56262 Hessel Green
Port Maudberg, NJ 07474";"2016-02-10 19:54:03";"2016-02-10 19:54:03";""
92;"Nader, Romaguera and Reichel";"Vita O'Connell";"45900 Una Circles Apt. 411
New Felipeside, AR 45250-3310";"2016-02-10 19:54:03";"2016-02-10 19:54:03";""
93;"Wisoky PLC";"Charley Prohaska";"7608 Annie Track Suite 040
South Margiestad, AK 37256";"2016-02-10 19:54:04";"2016-02-10 19:54:04";""
94;"Orn-Rodriguez";"Jayda Dooley";"326 Oberbrunner Throughway
New Lonfort, FL 91333-5705";"2016-02-10 19:54:05";"2016-02-10 19:54:05";""
95;"Jast Inc";"Golda Doyle PhD";"8502 Norma River
North Willis, NH 32132";"2016-02-10 19:57:45";"2016-02-10 19:57:45";""
96;"Ruecker Group";"Bertrand Kuvalis";"9368 Adrian Inlet
West Kirstin, MO 77730-0649";"2016-02-10 19:57:46";"2016-02-10 19:57:46";""
97;"McCullough-Wolff";"Prof. Dessie Jakubowski";"87731 Dallin Drive
Evetown, NM 85254-2704";"2016-02-10 19:57:46";"2016-02-10 19:57:46";""
98;"Vandervort-Stehr";"Prof. Hailey Harvey I";"92099 Elisa Land
Lake Willaland, KY 52842-3317";"2016-02-10 19:57:47";"2016-02-10 19:57:47";""
99;"Halvorson-Pagac";"Miss Alana Parker III";"53146 Gislason Garden Suite 762
Reynoldsshire, GA 21069-7124";"2016-02-10 19:57:48";"2016-02-10 19:57:48";""
100;"Waelchi, Von and McKenzie";"Prof. Lamont Hagenes";"02818 Fritsch Corners
Candelarioview, OH 30663-1271";"2016-02-10 19:57:48";"2016-02-10 19:57:48";""
101;"Brekke, Buckridge and Bergstrom";"Lexi Flatley";"5260 Lang Squares
Jonesport, NC 12338";"2016-02-10 19:57:50";"2016-02-10 19:57:50";""
102;"Marvin-Kohler";"Sydney Trantow";"930 Douglas Mill Apt. 156
West Amandachester, KY 35422-7517";"2016-02-10 19:57:50";"2016-02-10 19:57:50";""
103;"Hansen-Bode";"Alivia Will";"42470 Aniya Mills Suite 503
West Elvie, OH 84609";"2016-02-10 19:57:51";"2016-02-10 19:57:51";""
104;"Huels, Towne and Willms";"Prof. Karl Lindgren MD";"2629 Wiegand Island Suite 489
Murazikburgh, TN 71429-9282";"2016-02-10 19:57:52";"2016-02-10 19:57:52";""
105;"Bednar-Koss";"Kailyn Streich";"08086 Willard Knoll Suite 959
Satterfieldport, AZ 74867-2833";"2016-02-10 19:57:53";"2016-02-10 19:57:53";""
106;"Simonis-Kerluke";"Lilliana Goyette";"8722 Lester Motorway
Cynthiaside, CT 59585";"2016-02-10 19:57:53";"2016-02-10 19:57:53";""
107;"Adams-Cartwright";"Robin Fadel MD";"826 D'Amore Islands
North Estefania, NY 99091-0771";"2016-02-10 19:57:54";"2016-02-10 19:57:54";""
